Time_Step,Resistance,Voltage,Current,Inductance,Capacitance,Impedance_Magnitude,Impedance_Angle
1,1,235.7407519315527,16.83406684084281,100,100,31415.926519982433,89.99817621869322
2,2,229.26112994345925,12.772059741333427,100,100,31415.92656772892,89.99635243739012
3,3,224.66375511098136,18.59826551332808,100,100,31415.92664730639,89.9945286560944
4,4,225.19769939776535,15.17650824500797,100,100,31415.926758714846,89.99270487480979
5,5,233.16165289734454,11.71087389321029,100,100,31415.926901954295,89.99088109353994
6,6,233.02533450574361,17.92604196683486,100,100,31415.927077024728,89.9890573122886
7,7,224.5865660087364,14.513790615087101,100,100,31415.927283926154,89.9872335310594
8,8,234.4252226663041,15.201699831410053,100,100,31415.92752265856,89.9854097498561
9,9,225.83258185827353,16.036399635823113,100,100,31415.927793221956,89.98358596868235
10,10,234.44014197596817,10.61811021429659,100,100,31415.92809561633,89.98176218754186
11,11,227.45762867659403,16.63627292620457,100,100,31415.928429841693,89.97993840643834
12,12,230.9598226959447,12.912687233487661,100,100,31415.928795898042,89.97811462537545
13,13,239.17473351306555,13.383192270383422,100,100,31415.929193785367,89.97629084435694
14,14,222.13891080745995,19.709559179094224,100,100,31415.929623503678,89.97446706338646
15,15,223.80532291641427,11.691244200368327,100,100,31415.930085052958,89.97264328246771
16,16,232.75706803583282,13.863170096654432,100,100,31415.930578433225,89.97081950160441
17,17,229.96247886175306,12.29400338961084,100,100,31415.931103644467,89.96899572080024
18,18,230.68392226919295,13.9377523892654,100,100,31415.931660686674,89.9671719400589
19,19,233.27795177712792,18.4009728730271,100,100,31415.932249559864,89.96534815938408
20,20,239.11190226440968,12.431425399421348,100,100,31415.932870264027,89.96352437877948
21,21,232.32913399175155,12.077110586098634,100,100,31415.933522799158,89.9617005982488
22,22,231.49748706138772,17.33248628031437,100,100,31415.934207165254,89.95987681779572
23,23,232.10201385679773,13.445957825678692,100,100,31415.934923362307,89.95805303742395
24,24,226.22661002197987,12.08321909474591,100,100,31415.935671390333,89.95622925713717
25,25,225.78308634251863,13.483814370482344,100,100,31415.936451249316,89.95440547693912
26,26,235.68136857974397,13.793034619886727,100,100,31415.937262939264,89.95258169683343
27,27,230.58771712317142,18.502222010066113,100,100,31415.938106460162,89.95075791682385
28,28,222.4480616048403,19.40120198168656,100,100,31415.93898181201,89.94893413691405
29,29,234.30863916418934,17.710330568374008,100,100,31415.939888994817,89.94711035710773
30,30,220.85080374446088,15.321231319720363,100,100,31415.94082800857,89.94528657740858
31,31,237.11718056700943,11.80368276630741,100,100,31415.941798853262,89.94346279782032
32,32,239.64481103053663,12.921471921673621,100,100,31415.942801528905,89.94163901834662
33,33,233.37258968994195,12.554198962821635,100,100,31415.94383603548,89.93981523899117
34,34,226.3240137994421,18.152247131446263,100,100,31415.944902372998,89.9379914597577
35,35,228.90499834682367,13.786263732950296,100,100,31415.946000541437,89.93616768064987
36,36,229.05562524182375,12.636624699828992,100,100,31415.947130540815,89.9343439016714
37,37,234.89563229064387,18.2465863110014,100,100,31415.948292371115,89.93252012282598
38,38,222.13812078605187,19.758611555073365,100,100,31415.949486032343,89.9306963441173
39,39,235.97308159123943,11.726371865226634,100,100,31415.95071152449,89.92887256554906
40,40,237.4984802552028,10.45569886349562,100,100,31415.95196884754,89.92704878712495
41,41,233.1011518808354,10.721011979936849,100,100,31415.95325800151,89.92522500884866
42,42,230.39406790689068,12.409012511001368,100,100,31415.954578986388,89.92340123072391
43,43,222.4683957882407,17.907125624349206,100,100,31415.955931802167,89.92157745275436
44,44,227.18150293892944,15.577681421505183,100,100,31415.957316448843,89.91975367494375
45,45,236.68327652964123,13.82180502599144,100,100,31415.958732926418,89.91792989729574
46,46,231.0524702053076,10.255567223156227,100,100,31415.96018123488,89.91610611981405
47,47,232.29761151481372,13.205219273629801,100,100,31415.961661374233,89.91428234250236
48,48,237.02349641144733,10.799468249137437,100,100,31415.963173344466,89.91245856536436
49,49,223.5315047329061,14.62625820732509,100,100,31415.964717145573,89.91063478840377
50,50,224.90155146145847,10.588017538011705,100,100,31415.96629277756,89.90881101162425
51,51,237.00108329934775,13.951015667877389,100,100,31415.96790024041,89.90698723502953
52,52,235.91226553473382,16.0769515141104,100,100,31415.969539534122,89.9051634586233
53,53,220.77774265047407,12.65923576715156,100,100,31415.97121065869,89.90333968240924
54,54,239.52552459044372,18.13407028977533,100,100,31415.972913614114,89.90151590639105
55,55,222.96900210732286,15.125340972158238,100,100,31415.974648400388,89.89969213057245
56,56,238.50545130148387,12.192964343435598,100,100,31415.9764150175,89.89786835495708
57,57,231.42881489385962,14.209796506431891,100,100,31415.97821346545,89.89604457954869
58,58,238.14311452205786,17.961376612341486,100,100,31415.980043744225,89.89422080435095
59,59,231.4429413589594,14.958712172029696,100,100,31415.98190585384,89.89239702936759
60,60,225.9234668319036,19.765433414635496,100,100,31415.983799794267,89.89057325460224
61,61,234.76051479134856,19.96847434343825,100,100,31415.985725565508,89.88874948005866
62,62,226.8237546194233,16.467381923080698,100,100,31415.987683167557,89.8869257057405
63,63,230.46778547514614,13.343568501010973,100,100,31415.989672600415,89.88510193165149
64,64,221.66155339454016,13.213490012012622,100,100,31415.991693864067,89.8832781577953
65,65,223.92102889337636,10.471761791471696,100,100,31415.993746958506,89.88145438417564
66,66,228.97585838369523,10.13778000588571,100,100,31415.995831883727,89.87963061079621
67,67,231.55352259715573,19.74647951327301,100,100,31415.99794863973,89.87780683766069
68,68,231.5913087956228,16.095330759289027,100,100,31416.000097226508,89.87598306477278
69,69,232.66762638876955,18.94140594370571,100,100,31416.002277644046,89.87415929213618
70,70,223.15576066340293,15.704737793413425,100,100,31416.004489892344,89.8723355197546
71,71,222.61411118804392,13.591172913272286,100,100,31416.00673397139,89.8705117476317
72,72,231.9083677771177,17.651075911809052,100,100,31416.009009881185,89.86868797577121
73,73,234.83001551293606,13.145681928229589,100,100,31416.011317621716,89.8668642041768
74,74,232.07922082310176,15.774529143044157,100,100,31416.01365719298,89.86504043285218
75,75,238.4072926149977,12.774980025589151,100,100,31416.016028594964,89.86321666180105
76,76,239.34722024220613,19.391857224582708,100,100,31416.01843182767,89.8613928910271
77,77,231.59677514453702,19.160675934150543,100,100,31416.020866891082,89.859569120534
78,78,226.10994815712823,18.99344883270868,100,100,31416.023333785193,89.85774535032549
79,79,222.81337280402647,14.985002410082409,100,100,31416.025832510004,89.85592158040524
80,80,237.19489593732658,13.079753494791364,100,100,31416.0283630655,89.85409781077695
81,81,221.0748705399177,19.841952893012063,100,100,31416.030925451665,89.85227404144433
82,82,221.1663124521725,11.46012380339807,100,100,31416.033519668512,89.85045027241104
83,83,229.0687571544509,11.02760962316287,100,100,31416.03614571602,89.84862650368082
84,84,222.03475452261887,15.221347836865599,100,100,31416.038803594183,89.84680273525733
85,85,228.60739042924945,19.17905182814677,100,100,31416.041493303004,89.84497896714427
86,86,237.04851812001507,15.722770541775397,100,100,31416.04421484245,89.84315519934536
87,87,233.6916137352984,14.229986116579186,100,100,31416.04696821253,89.84133143186428
88,88,220.13944580348328,13.47523792283905,100,100,31416.04975341323,89.83950766470471
89,89,237.06920138531478,16.754483938068855,100,100,31416.052570444546,89.83768389787038
90,90,229.95187413250036,15.368821675049604,100,100,31416.055419306478,89.83586013136497
91,91,233.04128893749993,12.692871602400249,100,100,31416.058299998993,89.83403636519216
92,92,232.99079622345545,12.954141876762957,100,100,31416.0612125221,89.83221259935564
93,93,220.7693430017624,18.65412104872739,100,100,31416.06415687579,89.83038883385916
94,94,232.3533351006327,19.14080820531804,100,100,31416.067133060045,89.82856506870635
95,95,232.95948321316644,19.22022214234864,100,100,31416.070141074862,89.82674130390096
96,96,221.8828657489828,18.48859001178148,100,100,31416.073180920237,89.82491753944664
97,97,234.56908722113627,13.938844223181619,100,100,31416.07625259615,89.8230937753471
98,98,228.58603901409936,19.69025759183249,100,100,31416.079356102597,89.82127001160607
99,99,233.47854685017882,14.783418919436599,100,100,31416.08249143957,89.8194462482272
100,100,231.59253604823857,13.591093686820592,100,100,31416.08565860705,89.8176224852142
101,101,227.9647956546257,18.47258512938745,100,100,31416.08885760504,89.81579872257078
102,102,225.34957023511853,17.536658896251645,100,100,31416.092088433532,89.8139749603006
103,103,222.130729793457,18.57475256950294,100,100,31416.0953510925,89.81215119840739
104,104,230.7587024965212,18.289812041307506,100,100,31416.098645581947,89.81032743689484
105,105,231.7763086934545,13.70846456003525,100,100,31416.101971901855,89.80850367576664
106,106,226.1240017345275,15.41538578755933,100,100,31416.10533005222,89.80667991502648
107,107,225.62897810410607,17.32990282794148,100,100,31416.108720033033,89.80485615467808
108,108,221.28609719897523,18.185049293055414,100,100,31416.11214184428,89.8030323947251
109,109,224.94101906157644,15.726200647473542,100,100,31416.115595485953,89.80120863517124
110,110,230.85574668851493,19.58584356321863,100,100,31416.11908095804,89.79938487602023
111,111,220.11471665924657,10.819785295776146,100,100,31416.12259826053,89.79756111727572
112,112,231.8396398915272,17.834814268926685,100,100,31416.126147393406,89.79573735894145
113,113,239.3639337941553,17.465708272229836,100,100,31416.129728356667,89.79391360102109
114,114,232.49158877517306,11.763455030309942,100,100,31416.133341150304,89.79208984351833
115,115,236.05845387218747,17.821760197247425,100,100,31416.1369857743,89.79026608643687
116,116,230.96842004382052,15.04547163915409,100,100,31416.14066222864,89.78844232978042
117,117,234.20742310298527,12.173295074525615,100,100,31416.144370513313,89.78661857355267
118,118,233.49553479410125,16.318358013447373,100,100,31416.148110628325,89.78479481775732
119,119,235.14544049625403,18.74507133256983,100,100,31416.15188257365,89.78297106239803
120,120,223.1135341246174,18.243655466322537,100,100,31416.155686349273,89.78114730747853
121,121,234.4258440832157,11.05801131829544,100,100,31416.15952195519,89.77932355300251
122,122,238.45694586358738,15.624147901155663,100,100,31416.16338939139,89.77749979897368
123,123,235.80101085081085,16.02763438359493,100,100,31416.167288657853,89.77567604539568
124,124,231.12679700743064,18.32894977379889,100,100,31416.171219754575,89.77385229227228
125,125,233.43134914601941,15.868067567511547,100,100,31416.17518268155,89.77202853960713
126,126,221.19972183659223,18.084560551053833,100,100,31416.17917743875,89.77020478740394
127,127,233.70711968018963,18.298996012668642,100,100,31416.183204026165,89.76838103566638
128,128,220.48685237532152,17.105520339777506,100,100,31416.187262443796,89.76655728439817
129,129,234.57178686938897,10.582617633869667,100,100,31416.19135269162,89.76473353360302
130,130,221.3648141199737,11.80444864751138,100,100,31416.195474769633,89.7629097832846
131,131,233.01421270827808,18.011137796724434,100,100,31416.199628677812,89.76108603344659
132,132,224.97006018696376,15.01904460698446,100,100,31416.203814416145,89.75926228409273
133,133,238.91414294118542,19.27705364468563,100,100,31416.208031984628,89.75743853522668
134,134,234.8677037591975,11.051027433289391,100,100,31416.212281383254,89.75561478685215
135,135,220.37515609705633,12.151639026149368,100,100,31416.21656261199,89.75379103897285
136,136,225.9483283905448,18.176358129397826,100,100,31416.220875670835,89.75196729159244
137,137,234.7172298767815,17.39559490886443,100,100,31416.22522055977,89.75014354471463
138,138,225.6888998573191,14.296319738042971,100,100,31416.229597278787,89.74831979834313
139,139,221.2609405900616,18.779962912841285,100,100,31416.23400582787,89.7464960524816
140,140,239.82201308622598,13.725711605275396,100,100,31416.23844620702,89.7446723071338
141,141,227.2793288681216,11.619580309247512,100,100,31416.2429184162,89.74284856230337
142,142,225.17055006985336,12.702214671393275,100,100,31416.247422455403,89.741024817994
143,143,226.14145367527397,14.192606473515415,100,100,31416.25195832462,89.73920107420943
144,144,222.13056068246163,19.4365000716761,100,100,31416.256526023844,89.73737733095332
145,145,233.0917742615078,18.72051185680518,100,100,31416.261125553046,89.73555358822937
146,146,229.4398270298898,15.971643155133375,100,100,31416.265756912224,89.73372984604129
147,147,225.10859057999951,17.837810550000523,100,100,31416.270420101362,89.73190610439278
148,148,234.17076196973485,15.07760190650929,100,100,31416.275115120436,89.7300823632875
149,149,223.56511228031263,19.51010065178116,100,100,31416.279841969445,89.72825862272917
150,150,237.96747741649855,13.407066054194534,100,100,31416.28460064837,89.72643488272149
151,151,230.38907080640647,10.925970709225147,100,100,31416.28939115719,89.72461114326815
152,152,223.1953115372337,14.4523324864681,100,100,31416.294213495894,89.72278740437282
153,153,233.30829640964288,15.079354007437944,100,100,31416.299067664477,89.72096366603925
154,154,220.9077136972415,16.28147476108762,100,100,31416.303953662908,89.71913992827109
155,155,222.97253321177155,16.54990218319044,100,100,31416.308871491186,89.71731619107204
156,156,235.13346931907282,19.0739818313575,100,100,31416.313821149288,89.71549245444582
157,157,223.61291284185825,12.974051358768309,100,100,31416.3188026372,89.71366871839611
158,158,221.34068800990045,18.42962712910083,100,100,31416.323815954907,89.71184498292659
159,159,237.95887183279518,17.43467699317773,100,100,31416.3288611024,89.71002124804097
160,160,225.66702087675407,11.488876014402836,100,100,31416.333938079657,89.70819751374295
161,161,237.92753829337877,18.218173835324073,100,100,31416.339046886664,89.70637378003623
162,162,220.9643038643646,15.383599147347137,100,100,31416.344187523402,89.70455004692447
163,163,222.05684729906645,12.385862106315024,100,100,31416.34935998987,89.70272631441141
164,164,222.68935184376505,11.40468615167078,100,100,31416.35456428603,89.70090258250073
165,165,225.98395112329695,17.40946209174967,100,100,31416.359800411883,89.6990788511961
166,166,224.9183564697226,18.364092153029517,100,100,31416.365068367406,89.69725512050125
167,167,226.14620937052962,14.29396765187528,100,100,31416.370368152584,89.69543139041986
168,168,239.71820221293942,11.088840085521115,100,100,31416.375699767406,89.69360766095564
169,169,227.36214884066024,18.857399125247145,100,100,31416.38106321184,89.69178393211224
170,170,239.46203859997996,10.363369328742708,100,100,31416.386458485893,89.6899602038934
171,171,223.73557688434394,13.205351160578967,100,100,31416.391885589528,89.68813647630282
172,172,238.53808459371774,10.285692805883237,100,100,31416.397344522742,89.68631274934414
173,173,220.17299332593268,19.529111767262492,100,100,31416.402835285517,89.68448902302111
174,174,238.29536528767994,19.675689995136693,100,100,31416.408357877826,89.68266529733741
175,175,224.99676491512759,10.014004224874153,100,100,31416.413912299664,89.68084157229673
176,176,230.28080223738138,13.103148563591636,100,100,31416.419498551008,89.67901784790276
177,177,220.1947975956041,10.859601210518656,100,100,31416.425116631835,89.67719412415921
178,178,231.70302432918987,18.836885250216316,100,100,31416.430766542144,89.67537040106977
179,179,230.26623677389654,12.075963011156231,100,100,31416.436448281907,89.67354667863813
180,180,231.42504978074894,19.05188852653675,100,100,31416.442161851104,89.67172295686798
181,181,220.63080249653993,11.443202690889168,100,100,31416.447907249723,89.66989923576303
182,182,230.12237091999665,13.087012951047628,100,100,31416.45368447775,89.66807551532696
183,183,223.45874796075663,17.583746945939627,100,100,31416.459493535167,89.66625179556347
184,184,230.30876939867946,14.909316795639574,100,100,31416.46533442194,89.66442807647626
185,185,230.06240401492053,17.330596514445446,100,100,31416.471207138075,89.66260435806902
186,186,223.30480927837755,19.456630411693375,100,100,31416.477111683536,89.66078064034545
187,187,224.69133238963602,11.97027060020026,100,100,31416.483048058315,89.65895692330925
188,188,230.51530596478227,16.733002328242307,100,100,31416.489016262392,89.65713320696409
189,189,220.98852141656693,14.905922572316792,100,100,31416.49501629575,89.6553094913137
190,190,223.1530942501669,19.896496924274402,100,100,31416.501048158367,89.65348577636175
191,191,221.45805306859356,14.4485662838614,100,100,31416.507111850224,89.65166206211194
192,192,226.81935894799958,16.7345664960215,100,100,31416.513207371307,89.64983834856795
193,193,236.89013678488067,10.809938574192334,100,100,31416.519334721594,89.64801463573353
194,194,228.89007866595733,13.175838986796244,100,100,31416.52549390107,89.6461909236123
195,195,226.76238120592757,15.183189752977434,100,100,31416.53168490971,89.64436721220801
196,196,225.26390006505835,19.222839334502524,100,100,31416.5379077475,89.64254350152433
197,197,230.91223002396643,13.463246779322366,100,100,31416.544162414426,89.64071979156496
198,198,224.73199116451346,10.061950859122046,100,100,31416.550448910457,89.6388960823336
199,199,227.79815162759752,11.749505611170546,100,100,31416.556767235583,89.63707237383394
200,200,230.61327394992315,18.259385104489457,100,100,31416.563117389775,89.63524866606969
201,201,221.68225690270606,15.836613673138089,100,100,31416.56949937303,89.6334249590445
202,202,237.51914670519082,10.206219491305477,100,100,31416.575913185316,89.63160125276214
203,203,232.284296064401,18.70353687563334,100,100,31416.582358826618,89.62977754722623
204,204,234.932909117555,14.037147225408901,100,100,31416.588836296913,89.6279538424405
205,205,227.09435161481275,12.380331174822102,100,100,31416.595345596183,89.62613013840863
206,206,231.47621803821556,17.788246239134985,100,100,31416.60188672441,89.62430643513433
207,207,229.73019176797922,12.718191639912924,100,100,31416.60845968157,89.6224827326213
208,208,237.44358875577655,16.099128235299148,100,100,31416.615064467653,89.62065903087321
209,209,230.67623415559666,16.248932803343475,100,100,31416.621701082626,89.6188353298938
210,210,227.2045037761614,17.360171607466796,100,100,31416.628369526472,89.6170116296867
211,211,238.94402112882426,12.928325731911482,100,100,31416.635069799184,89.61518793025566
212,212,230.70867115787036,10.550427643754027,100,100,31416.641801900725,89.61336423160434
213,213,234.11286288330896,15.40878467017027,100,100,31416.648565831074,89.61154053373646
214,214,230.79417424968767,14.321801217182859,100,100,31416.655361590227,89.60971683665569
215,215,220.54005105205212,10.351944785799583,100,100,31416.662189178143,89.60789314036575
216,216,233.27831373270942,17.88696148545899,100,100,31416.669048594817,89.60606944487031
217,217,225.60233367157116,10.76469545562931,100,100,31416.67593984023,89.60424575017309
218,218,222.05693928427138,19.088756176912323,100,100,31416.682862914346,89.60242205627776
219,219,233.53038697568746,16.88887720280598,100,100,31416.68981781715,89.60059836318803
220,220,222.3832448579551,17.944703016332973,100,100,31416.69680454862,89.5987746709076
221,221,234.89027342462694,13.474933172088038,100,100,31416.703823108743,89.59695097944015
222,222,237.228804075241,15.991541905413715,100,100,31416.710873497497,89.59512728878939
223,223,230.9487655086123,17.19263855626467,100,100,31416.71795571485,89.59330359895898
224,224,232.24603192919923,18.291311190147873,100,100,31416.725069760785,89.59147990995267
225,225,222.26729266858737,11.603123307147062,100,100,31416.732215635282,89.5896562217741
226,226,239.2707843639555,19.944525249452127,100,100,31416.73939333832,89.58783253442701
227,227,220.40671283516932,10.402417923768375,100,100,31416.74660286987,89.58600884791507
228,228,222.17693658596093,16.86208614843765,100,100,31416.753844229926,89.58418516224197
229,229,226.64582539102804,13.010840564674613,100,100,31416.761117418453,89.58236147741141
230,230,226.50607646681223,15.589420724377122,100,100,31416.768422435423,89.5805377934271
231,231,239.99177052257266,13.417895211921852,100,100,31416.775759280834,89.57871411029271
232,232,234.51618894195067,13.700894277394964,100,100,31416.783127954648,89.57689042801195
233,233,222.57380083099133,17.63536057854816,100,100,31416.790528456848,89.57506674658852
234,234,226.52483159046875,10.260306508207279,100,100,31416.797960787408,89.5732430660261
235,235,230.45078689924793,18.892282978406588,100,100,31416.805424946313,89.57141938632839
236,236,220.95344495745658,17.798900416938594,100,100,31416.81292093352,89.56959570749909
237,237,231.30322544886133,13.849927075499409,100,100,31416.820448749037,89.56777202954187
238,238,225.75188906138072,13.396017683423759,100,100,31416.828008392826,89.56594835246047
239,239,228.92875915640985,18.494324485586098,100,100,31416.83559986486,89.56412467625854
240,240,221.1174462832128,18.98151407192001,100,100,31416.843223165113,89.56230100093981
241,241,228.68251087065318,18.02989965500443,100,100,31416.850878293568,89.56047732650795
242,242,231.61414985928755,15.93694154717033,100,100,31416.858565250215,89.55865365296665
243,243,238.66214780362233,16.841303411851726,100,100,31416.866284035008,89.55682998031963
244,244,220.63056071718498,14.309267107962285,100,100,31416.87403464794,89.55500630857055
245,245,227.99235161269348,14.088987906783474,100,100,31416.881817088975,89.55318263772315
246,246,223.81986344838378,17.378690678857193,100,100,31416.88963135809,89.55135896778108
247,247,222.5487448183909,10.695862160592535,100,100,31416.897477455273,89.54953529874808
248,248,230.28691494073584,15.899322822865836,100,100,31416.9053553805,89.54771163062782
249,249,236.5718346705433,13.840010715853666,100,100,31416.913265133728,89.54588796342395
250,250,233.08962805620524,19.801247720640283,100,100,31416.921206714953,89.54406429714025
251,251,233.40953238748872,14.55372981901077,100,100,31416.929180124138,89.54224063178034
252,252,239.26483479174118,10.127610996087636,100,100,31416.937185361272,89.54041696734797
253,253,233.10436348141013,14.61408199802076,100,100,31416.94522242632,89.5385933038468
254,254,233.17121362182064,10.385968766365728,100,100,31416.953291319256,89.53676964128053
255,255,229.23639615980676,11.887018696270937,100,100,31416.96139204006,89.53494597965286
256,256,233.7538587532789,16.56616930495766,100,100,31416.969524588712,89.5331223189675
257,257,230.74078461559975,17.23638326120017,100,100,31416.97768896518,89.53129865922811
258,258,223.41579836696283,17.208816796889856,100,100,31416.985885169437,89.5294750004384
259,259,229.33680827308189,12.161399712809128,100,100,31416.99411320147,89.52765134260207
260,260,239.35453723617667,14.932936169355635,100,100,31417.002373061245,89.52582768572282
261,261,224.5744244899496,19.697576647124443,100,100,31417.010664748737,89.52400402980432
262,262,221.71079729068836,15.385070380642052,100,100,31417.01898826392,89.52218037485028
263,263,232.11832416394276,19.269974689308164,100,100,31417.027343606776,89.5203567208644
264,264,235.77253072160963,12.856139248279241,100,100,31417.035730777272,89.51853306785036
265,265,221.25846670399991,19.27912277851774,100,100,31417.044149775385,89.51670941581186
266,266,235.61076043057832,10.151885110654085,100,100,31417.05260060109,89.5148857647526
267,267,227.3227410499772,18.16995309824742,100,100,31417.061083254357,89.51306211467627
268,268,232.83095785031324,18.23076073255327,100,100,31417.069597735175,89.51123846558657
269,269,233.54474655657802,18.960771599808286,100,100,31417.0781440435,89.50941481748717
270,270,227.98510596301406,15.062303566154089,100,100,31417.086722179312,89.5075911703818
271,271,230.19723308203586,11.769970160966247,100,100,31417.095332142588,89.50576752427412
272,272,231.94906755159846,18.298956160984282,100,100,31417.1039739333,89.50394387916785
273,273,226.11206020631425,12.172004052527441,100,100,31417.112647551425,89.50212023506668
274,274,225.62737436228142,13.278609265037709,100,100,31417.121352996928,89.50029659197429
275,275,225.4459708871221,15.843095687108304,100,100,31417.13009026979,89.49847294989438
276,276,225.36181618568713,14.525930403817336,100,100,31417.138859369992,89.49664930883065
277,277,227.77231584951608,16.310964438789668,100,100,31417.147660297487,89.4948256687868
278,278,222.3563884695995,10.172588152279378,100,100,31417.156493052255,89.4930020297665
279,279,223.15855303756814,18.50782612775786,100,100,31417.165357634283,89.49117839177347
280,280,236.18574763510554,18.94755029564493,100,100,31417.174254043533,89.48935475481139
281,281,221.91886942189376,17.46401226531678,100,100,31417.183182279976,89.48753111888395
282,282,228.89997106382563,13.464172442899267,100,100,31417.192142343592,89.48570748399486
283,283,229.13636291840712,14.54907501519881,100,100,31417.201134234343,89.48388385014779
284,284,223.78626824279667,17.55811772076081,100,100,31417.210157952213,89.48206021734646
285,285,220.21128129518982,17.43014341836622,100,100,31417.21921349717,89.48023658559455
286,286,229.2924384147675,10.960912927536198,100,100,31417.228300869185,89.47841295489576
287,287,236.50870852512134,12.762865969927647,100,100,31417.23742006823,89.47658932525377
288,288,227.58409130292117,12.247387165506348,100,100,31417.246571094285,89.47476569667229
289,289,231.0074423175529,18.57385209196879,100,100,31417.255753947316,89.47294206915501
290,290,227.84585630447674,10.558804942805777,100,100,31417.2649686273,89.47111844270563
291,291,220.69358284508854,19.5327416552706,100,100,31417.27421513419,89.46929481732782
292,292,225.38968480649558,16.568249934732236,100,100,31417.283493467985,89.4674711930253
293,293,220.41212583729873,10.07704508281532,100,100,31417.29280362864,89.46564756980175
294,294,232.35893276168665,13.045000461939111,100,100,31417.30214561613,89.46382394766087
295,295,235.92149000764553,10.850052237687533,100,100,31417.311519430426,89.46200032660634
296,296,227.82933696067312,19.393778096715714,100,100,31417.320925071508,89.46017670664187
297,297,224.37935610138894,19.840270930020537,100,100,31417.330362539327,89.45835308777117
298,298,220.97290299203755,11.340014429658277,100,100,31417.339831833877,89.45652946999789
299,299,238.81397495805498,16.391353852552577,100,100,31417.349332955124,89.45470585332575
300,300,229.35186198797913,15.421712331198293,100,100,31417.35886590303,89.45288223775844
301,301,221.4350733734834,18.82554682263544,100,100,31417.36843067757,89.45105862329966
302,302,228.6734541142067,13.05037059558024,100,100,31417.378027278726,89.4492350099531
303,303,235.5535160830324,15.54574334745939,100,100,31417.387655706443,89.44741139772245
304,304,236.93196102139572,13.835299175949926,100,100,31417.39731596072,89.44558778661138
305,305,239.5208528841885,18.874138814744427,100,100,31417.40700804151,89.44376417662363
306,306,220.63431758232323,15.998807472793505,100,100,31417.416731948786,89.44194056776288
307,307,234.25647051001903,14.629630016250918,100,100,31417.42648768253,89.44011696003281
308,308,233.66281934987032,10.929034044805467,100,100,31417.4362752427,89.43829335343712
309,309,225.13219515101594,11.613254160263349,100,100,31417.446094629267,89.4364697479795
310,310,225.3453379249607,10.210413642071952,100,100,31417.455945842208,89.43464614366364
311,311,236.43044017419794,17.006019203229837,100,100,31417.46582888149,89.43282254049326
312,312,231.67104035803683,12.248405955148758,100,100,31417.475743747073,89.43099893847202
313,313,238.45314150281638,18.312131246373042,100,100,31417.485690438945,89.42917533760364
314,314,226.9923305295636,15.622376638517645,100,100,31417.49566895706,89.42735173789178
315,315,229.39988085211567,17.223679912933143,100,100,31417.5056793014,89.42552813934016
316,316,225.6417288810952,13.329935238789709,100,100,31417.51572147193,89.42370454195247
317,317,237.95072773507465,13.15007863207163,100,100,31417.525795468613,89.42188094573241
318,318,227.73326600357854,17.033191708519382,100,100,31417.535901291427,89.42005735068366
319,319,224.35991699381506,11.468446585122367,100,100,31417.546038940334,89.41823375680993
320,320,228.02971260063165,19.51912715897923,100,100,31417.55620841532,89.4164101641149
321,321,239.57108232080338,10.006571765198798,100,100,31417.566409716328,89.41458657260225
322,322,222.5478328219099,19.29274907687828,100,100,31417.576642843345,89.4127629822757
323,323,221.77730767151974,11.248511226108421,100,100,31417.586907796336,89.41093939313893
324,324,237.1423824379679,18.995573664733634,100,100,31417.597204575268,89.40911580519563
325,325,230.48109875313344,11.475773195285747,100,100,31417.60753318011,89.40729221844951
326,326,232.30829246931813,17.05005830541055,100,100,31417.617893610837,89.40546863290426
327,327,226.92779784599406,15.965588318754065,100,100,31417.62828586741,89.40364504856355
328,328,228.69833682527982,15.253720782182707,100,100,31417.638709949795,89.40182146543108
329,329,238.08907775361564,18.11381153148415,100,100,31417.649165857965,89.39999788351058
330,330,236.88361447001478,15.147331849227504,100,100,31417.659653591887,89.3981743028057
331,331,224.15839466349814,19.57812120299552,100,100,31417.670173151535,89.39635072332015
332,332,237.17450788243218,15.83089598737897,100,100,31417.680724536876,89.39452714505764
333,333,238.94655937786987,19.27000827659742,100,100,31417.691307747864,89.39270356802183
334,334,236.76243149101663,16.738247818825425,100,100,31417.701922784483,89.39087999221643
335,335,231.6227416643516,11.816617085404282,100,100,31417.71256964669,89.38905641764514
336,336,227.25507820103368,14.646158826036043,100,100,31417.72324833446,89.38723284431163
337,337,228.14770851454097,11.396759561578673,100,100,31417.733958847766,89.38540927221962
338,338,233.62340529836504,14.254164556374576,100,100,31417.74470118655,89.3835857013728
339,339,223.17511025291316,11.223230607111237,100,100,31417.75547535081,89.38176213177483
340,340,222.10324660712902,13.529070449221916,100,100,31417.766281340493,89.37993856342946
341,341,235.47804677843737,17.32719212998498,100,100,31417.77711915558,89.37811499634034
342,342,222.81154914098806,14.805372903273831,100,100,31417.787988796023,89.37629143051117
343,343,236.50920057895084,16.760239240745783,100,100,31417.798890261805,89.37446786594566
344,344,227.63839615918377,10.331067253703344,100,100,31417.80982355288,89.37264430264747
345,345,236.9171816441136,11.99636612730127,100,100,31417.820788669225,89.37082074062033
346,346,220.1574286364752,16.791805513575774,100,100,31417.83178561079,89.36899717986792
347,347,231.059925982871,13.04723064194062,100,100,31417.842814377564,89.36717362039393
348,348,231.1492203752031,13.840380883617193,100,100,31417.853874969493,89.36535006220204
349,349,233.33750038259194,19.153575136094954,100,100,31417.864967386562,89.36352650529597
350,350,231.5117260496325,16.74134222509921,100,100,31417.87609162872,89.3617029496794
351,351,232.58488121740407,11.585445199517276,100,100,31417.88724769595,89.35987939535602
352,352,236.59747343368525,15.711375212282203,100,100,31417.898435588202,89.35805584232952
353,353,233.65735871236848,17.719321356380107,100,100,31417.909655305455,89.3562322906036
354,354,230.13266607692282,17.256811828974765,100,100,31417.920906847663,89.35440874018195
355,355,236.64102527273846,19.716550467313297,100,100,31417.932190214804,89.35258519106829
356,356,236.05947910157258,16.10555057543254,100,100,31417.943505406838,89.35076164326625
357,357,239.07341540061785,19.015647343741755,100,100,31417.95485242373,89.34893809677959
358,358,224.9198170206823,17.884917631965727,100,100,31417.966231265444,89.34711455161197
359,359,229.78557893140663,13.278407481957696,100,100,31417.97764193195,89.34529100776706
360,360,234.33555448011177,14.58647647432196,100,100,31417.989084423207,89.3434674652486
361,361,239.511614124281,19.529064019606047,100,100,31418.000558739182,89.34164392406025
362,362,237.6191374646973,12.959615512663504,100,100,31418.012064879847,89.33982038420572
363,363,231.66796090576253,11.949374756240656,100,100,31418.02360284516,89.3379968456887
364,364,234.91564601486795,17.72913812005102,100,100,31418.035172635093,89.33617330851288
365,365,228.15502472930584,14.92667015595076,100,100,31418.046774249597,89.33434977268197
366,366,234.91760143115485,14.625531493333845,100,100,31418.05840768865,89.33252623819962
367,367,238.49698579953815,11.845878963960525,100,100,31418.070072952214,89.33070270506957
368,368,221.58287709648155,11.856644102201948,100,100,31418.08177004026,89.32887917329548
369,369,238.93475481753592,14.347933059087786,100,100,31418.093498952727,89.32705564288105
370,370,239.75370811844846,16.53826368915622,100,100,31418.105259689604,89.32523211382998
371,371,225.76019267293026,18.297475892865933,100,100,31418.117052250855,89.32340858614596
372,372,227.8632027875862,16.484097679411146,100,100,31418.12887663643,89.32158505983269
373,373,230.04982527606197,16.918354821875376,100,100,31418.1407328463,89.31976153489384
374,374,239.97580003346164,15.314318621892008,100,100,31418.152620880428,89.31793801133313
375,375,230.11691688536249,17.416418010772556,100,100,31418.164540738784,89.31611448915423
376,376,239.1332664554169,11.6271066075699,100,100,31418.176492421324,89.31429096836085
377,377,237.9459425920553,13.612217949793541,100,100,31418.188475928015,89.31246744895668
378,378,230.0298151701653,10.164842480708856,100,100,31418.200491258816,89.31064393094539
379,379,222.02093078642633,16.681377672518366,100,100,31418.2125384137,89.30882041433071
380,380,223.8577799617047,10.761597433764509,100,100,31418.22461739262,89.3069968991163
381,381,224.7762073353342,14.566680978547252,100,100,31418.236728195545,89.30517338530586
382,382,223.56590395824225,16.641592844384117,100,100,31418.248870822445,89.30334987290311
383,383,232.20607232426735,13.527354605043381,100,100,31418.26104527327,89.30152636191171
384,384,234.2962824812661,15.02753282730244,100,100,31418.273251547984,89.29970285233536
385,385,236.33642854437207,11.625065406666659,100,100,31418.285489646565,89.29787934417776
386,386,221.8052151701957,16.667333362773658,100,100,31418.297759568955,89.2960558374426
387,387,234.38876958027114,12.55954085153352,100,100,31418.310061315136,89.29423233213356
388,388,232.57547816994574,18.948779953708843,100,100,31418.322394885054,89.29240882825435
389,389,226.11967755704057,13.10807164060316,100,100,31418.33476027868,89.29058532580866
390,390,239.96677052385382,19.538315535301876,100,100,31418.347157495984,89.28876182480018
391,391,222.82745634046557,16.25256702613283,100,100,31418.35958653691,89.28693832523258
392,392,220.22698192184836,16.913840367175514,100,100,31418.37204740143,89.28511482710958
393,393,224.38469134771333,17.496995263253087,100,100,31418.38454008951,89.28329133043486
394,394,237.87802322174116,16.891304420296454,100,100,31418.39706460111,89.28146783521213
395,395,225.4050110235298,18.90309700872901,100,100,31418.409620936185,89.27964434144506
396,396,236.84227333402416,15.30382102301363,100,100,31418.422209094708,89.27782084913737
397,397,238.39355931248102,10.159528704932535,100,100,31418.434829076632,89.27599735829271
398,398,236.59927604911994,11.742512264370976,100,100,31418.447480881925,89.2741738689148
399,399,220.17577960771285,16.346126624304723,100,100,31418.460164510543,89.27235038100733
400,400,225.96242467023606,19.969852711020202,100,100,31418.472879962443,89.27052689457399
401,401,233.03065373304858,12.725414781221094,100,100,31418.485627237602,89.26870340961848
402,402,238.90480576034025,14.154648137811275,100,100,31418.49840633597,89.26687992614448
403,403,229.0165339754184,16.177121188103953,100,100,31418.511217257506,89.26505644415569
404,404,230.52569023683984,15.949131102928398,100,100,31418.52406000218,89.26323296365578
405,405,224.2114626852332,18.092125713272424,100,100,31418.536934569944,89.26140948464848
406,406,223.83095322605004,18.172208044487626,100,100,31418.549840960768,89.25958600713746
407,407,224.40987751175277,13.28206474347677,100,100,31418.5627791746,89.2577625311264
408,408,238.3103907854344,15.738968946216154,100,100,31418.575749211417,89.25593905661901
409,409,236.8516408516309,11.08303354679147,100,100,31418.58875107117,89.254115583619
410,410,238.56194365781408,14.163739313240832,100,100,31418.601784753813,89.25229211213002
411,411,235.2388355292203,15.680722561688908,100,100,31418.614850259324,89.2504686421558
412,412,230.31361075012848,18.13052748495744,100,100,31418.627947587647,89.24864517370001
413,413,226.0750442243071,17.934959104966275,100,100,31418.641076738753,89.24682170676634
414,414,221.173036103788,12.595380254624184,100,100,31418.6542377126,89.24499824135849
415,415,233.18285494987012,18.634507413062558,100,100,31418.66743050914,89.24317477748015
416,416,237.3508564528482,11.25317355945332,100,100,31418.680655128337,89.24135131513502
417,417,222.14371414183555,17.138888814236974,100,100,31418.69391157016,89.23952785432678
418,418,234.5462021623568,14.949847892112881,100,100,31418.707199834553,89.23770439505913
419,419,236.32373223278233,10.655179232801947,100,100,31418.72051992149,89.23588093733575
420,420,236.70316391635316,12.807623852591242,100,100,31418.733871830922,89.23405748116033
421,421,220.13768102456163,16.09089589561951,100,100,31418.74725556281,89.2322340265366
422,422,229.08964716707536,14.146669673122169,100,100,31418.760671117117,89.2304105734682
423,423,223.11085429226688,14.60480619342226,100,100,31418.7741184938,89.22858712195887
424,424,235.85634324855667,11.811568788252925,100,100,31418.78759769281,89.22676367201225
425,425,236.97813343426014,15.359067899562465,100,100,31418.801108714124,89.22494022363207
426,426,227.81715459749358,12.086012220602889,100,100,31418.81465155768,89.22311677682202
427,427,238.40487854817155,16.31828487799637,100,100,31418.828226223453,89.22129333158577
428,428,232.2088012118689,11.662542772920641,100,100,31418.841832711398,89.21946988792702
429,429,233.14129436685698,19.37148349657241,100,100,31418.855471021474,89.21764644584948
430,430,230.5586341629424,17.546084260002182,100,100,31418.869141153627,89.21582300535682
431,431,237.9504564684809,16.90024066115805,100,100,31418.882843107836,89.21399956645274
432,432,238.8575760825691,17.88751149350859,100,100,31418.89657688404,89.21217612914093
433,433,235.5334776405943,18.708318583352273,100,100,31418.91034248221,89.21035269342508
434,434,239.2246339037818,12.043463463538062,100,100,31418.9241399023,89.20852925930889
435,435,230.66376025576702,16.797603459327348,100,100,31418.937969144277,89.20670582679604
436,436,224.36383571573057,10.969356473970294,100,100,31418.95183020808,89.20488239589022
437,437,231.76121240867894,15.518210780062581,100,100,31418.965723093686,89.20305896659514
438,438,232.14791412041373,15.628233910504605,100,100,31418.979647801036,89.20123553891447
439,439,220.5019273460605,19.685686548380833,100,100,31418.9936043301,89.19941211285192
440,440,220.70810546840866,13.223952798434258,100,100,31419.00759268083,89.19758868841117
441,441,222.43697500576022,18.108538529957205,100,100,31419.021612853183,89.19576526559591
442,442,227.2906792092876,17.207093685051014,100,100,31419.035664847128,89.19394184440984
443,443,236.47547476871128,13.589012686398693,100,100,31419.049748662605,89.19211842485664
444,444,232.08859213435187,15.975417599738647,100,100,31419.06386429958,89.19029500694002
445,445,230.05187048172183,17.79250231015872,100,100,31419.07801175801,89.18847159066364
446,446,225.6808921357611,15.280039194043145,100,100,31419.09219103785,89.18664817603123
447,447,234.8807103715857,14.089368041012094,100,100,31419.106402139063,89.18482476304645
448,448,229.1606403759558,10.906805145425167,100,100,31419.120645061597,89.183001351713
449,449,222.91491190931518,10.19061733941537,100,100,31419.134919805412,89.18117794203458
450,450,234.42229863875974,13.75421294901581,100,100,31419.149226370464,89.17935453401488
451,451,229.0117668009165,17.501621160802724,100,100,31419.163564756713,89.17753112765757
452,452,231.0261765802421,10.09222027980076,100,100,31419.177934964115,89.17570772296638
453,453,228.13782411546094,18.352697651386823,100,100,31419.192336992623,89.17388431994497
454,454,234.7635578090194,14.677326569423773,100,100,31419.206770842196,89.17206091859704
455,455,233.1650581621158,16.147512607074404,100,100,31419.221236512778,89.17023751892629
456,456,225.69984419037266,18.33187110502476,100,100,31419.235734004345,89.16841412093639
457,457,227.55529396785474,19.53046047683214,100,100,31419.250263316844,89.16659072463105
458,458,228.98644304012734,16.647186477786004,100,100,31419.26482445023,89.16476733001396
459,459,230.08498501865972,17.91245407776717,100,100,31419.279417404465,89.1629439370888
460,460,239.48149182368113,19.141994976656214,100,100,31419.294042179492,89.16112054585926
461,461,234.95901129652307,10.4738252394797,100,100,31419.308698775272,89.15929715632905
462,462,220.5830330865486,14.533126991851478,100,100,31419.32338719177,89.15747376850184
463,463,230.8452082572114,11.170501122794006,100,100,31419.33810742893,89.15565038238134
464,464,230.44804547183622,10.288717810579397,100,100,31419.352859486713,89.15382699797122
465,465,222.76466415261459,12.389942013222708,100,100,31419.36764336507,89.15200361527518
466,466,237.51175177213037,14.73328444119202,100,100,31419.382459063952,89.15018023429693
467,467,230.1392431122614,17.777583317397497,100,100,31419.39730658333,89.14835685504012
468,468,235.09137886413754,12.394351555580894,100,100,31419.41218592314,89.14653347750847
469,469,231.37927798368187,18.727937473517947,100,100,31419.427097083353,89.14471010170568
470,470,234.09844836811206,17.955348759174264,100,100,31419.442040063914,89.14288672763541
471,471,226.60979728868324,14.18795736582577,100,100,31419.45701486478,89.14106335530138
472,472,234.10731183995054,11.256835030988118,100,100,31419.472021485908,89.13923998470727
473,473,223.62256131770488,14.5240215797275,100,100,31419.487059927247,89.13741661585676
474,474,233.66729099219594,18.756339652488272,100,100,31419.502130188757,89.13559324875354
475,475,234.94102529089605,18.201895583410632,100,100,31419.517232270384,89.13376988340133
476,476,237.6315719493645,11.179192685070712,100,100,31419.53236617209,89.13194651980379
477,477,237.67280069055022,13.017408810524296,100,100,31419.547531893833,89.13012315796462
478,478,220.3889454117077,10.110211026468473,100,100,31419.562729435555,89.12829979788752
479,479,239.81778927625768,11.036821143762314,100,100,31419.57795879721,89.12647643957615
480,480,237.8350057145737,15.212841801255443,100,100,31419.59321997877,89.12465308303425
481,481,222.0659701011279,15.146091014432251,100,100,31419.60851298017,89.12282972826547
482,482,238.53935623736197,19.817591126213728,100,100,31419.62383780136,89.12100637527352
483,483,231.24141246426026,18.334925566696697,100,100,31419.639194442316,89.11918302406208
484,484,239.79215118798822,11.486597877799676,100,100,31419.654582902975,89.11735967463486
485,485,237.3358756582718,14.791753716397839,100,100,31419.67000318329,89.11553632699552
486,486,224.45044216780025,15.760130494296849,100,100,31419.685455283216,89.11371298114776
487,487,234.86406498492863,14.039956145815092,100,100,31419.700939202707,89.1118896370953
488,488,236.79207453349932,11.547084278197378,100,100,31419.716454941725,89.11006629484179
489,489,228.0175787653652,19.69035005577418,100,100,31419.73200250021,89.10824295439093
490,490,228.77179423609468,12.752030684347927,100,100,31419.747581878113,89.10641961574645
491,491,239.72098525881924,12.54438622991328,100,100,31419.7631930754,89.10459627891198
492,492,237.1369787812508,10.860783692181867,100,100,31419.778836092013,89.10277294389125
493,493,234.29978801308022,15.48621864636846,100,100,31419.794510927917,89.10094961068793
494,494,237.72064495326524,12.695630979311302,100,100,31419.810217583046,89.09912627930574
495,495,230.24784416158303,16.38164691176284,100,100,31419.825956057357,89.09730294974833
496,496,238.13254342536447,11.199551010805374,100,100,31419.841726350816,89.09547962201941
497,497,239.79341192773532,14.202480861222359,100,100,31419.85752846336,89.09365629612269
498,498,238.24853435625832,13.365509512014883,100,100,31419.87336239495,89.09183297206182
499,499,220.44793777090624,15.833705252315156,100,100,31419.889228145537,89.09000964984051
500,500,233.33770976610873,14.041119897682503,100,100,31419.905125715064,89.08818632946247
501,501,237.73393930224273,13.188622785977746,100,100,31419.921055103492,89.08636301093136
502,502,227.72932098567716,16.324953337653998,100,100,31419.93701631077,89.08453969425088
503,503,231.41448314139288,11.117457641767066,100,100,31419.95300933685,89.08271637942472
504,504,226.09565920227263,17.582491443957377,100,100,31419.969034181682,89.08089306645657
505,505,233.27530437379062,15.843532037911297,100,100,31419.985090845214,89.07906975535013
506,506,225.89047991957864,10.966478089371432,100,100,31420.00117932741,89.07724644610907
507,507,229.50311613539694,18.083305853698747,100,100,31420.017299628205,89.07542313873711
508,508,232.88870861658114,19.77532093974191,100,100,31420.03345174756,89.07359983323789
509,509,224.02771565094184,17.981548768889816,100,100,31420.049635685424,89.07177652961516
510,510,234.18955276416065,19.638162990549652,100,100,31420.06585144175,89.06995322787259
511,511,237.21473413798483,14.25000009654859,100,100,31420.082099016476,89.06812992801383
512,512,237.7844849990026,18.411035768276307,100,100,31420.098378409566,89.06630663004262
513,513,232.2585354948869,12.138225286870085,100,100,31420.114689620976,89.06448333396261
514,514,238.59945112291948,19.279840235062487,100,100,31420.131032650635,89.06266003977754
515,515,231.16950884646292,13.514309665142328,100,100,31420.147407498516,89.06083674749105
516,516,229.98409051462355,10.673992817370381,100,100,31420.163814164556,89.05901345710686
517,517,224.47806957428563,15.256775346881735,100,100,31420.18025264871,89.05719016862865
518,518,226.37611976857994,19.987150029026793,100,100,31420.196722950917,89.0553668820601
519,519,222.0414907960846,13.571930092301873,100,100,31420.213225071147,89.05354359740492
520,520,226.43082506787135,12.667834689707211,100,100,31420.229759009333,89.0517203146668
521,521,235.7475950506277,12.419694445521225,100,100,31420.246324765434,89.0498970338494
522,522,222.27818339614987,10.399924590287325,100,100,31420.262922339396,89.04807375495645
523,523,221.5937910862787,17.982148036803434,100,100,31420.279551731168,89.04625047799159
524,524,233.57073405549903,19.933219074835712,100,100,31420.296212940706,89.04442720295856
525,525,220.5409392677987,13.233652925392741,100,100,31420.31290596794,89.04260392986102
526,526,223.52837035149705,12.476816175747853,100,100,31420.32963081285,89.04078065870267
527,527,235.72347169916532,14.488030065388884,100,100,31420.346387475358,89.0389573894872
528,528,237.36796023846102,12.628710393072941,100,100,31420.363175955426,89.03713412221828
529,529,223.95493017654044,16.170809949165776,100,100,31420.379996253,89.03531085689964
530,530,220.29520556152872,19.233809272882684,100,100,31420.396848368033,89.03348759353493
531,531,227.11225540419673,18.839819990302136,100,100,31420.413732300465,89.03166433212786
532,532,234.14427657860406,15.14695420070127,100,100,31420.430648050256,89.0298410726821
533,533,229.4010953208633,17.390706526807943,100,100,31420.44759561735,89.02801781520137
534,534,231.98142864174943,13.651250086096253,100,100,31420.464575001683,89.02619455968934
535,535,221.12083510147235,11.283226982211104,100,100,31420.48158620322,89.0243713061497
536,536,239.15893735440397,13.458389154835526,100,100,31420.498629221907,89.02254805458615
537,537,238.1298579785247,17.16571406905518,100,100,31420.51570405769,89.02072480500236
538,538,220.74028430097263,16.648689531893154,100,100,31420.53281071051,89.01890155740203
539,539,220.38239491924128,11.340006262919703,100,100,31420.549949180328,89.01707831178886
540,540,226.8023360608411,19.110645477906232,100,100,31420.56711946708,89.01525506816652
541,541,236.375262934657,18.801619616671367,100,100,31420.584321570717,89.01343182653872
542,542,239.8966791367959,17.728675842451743,100,100,31420.601555491197,89.01160858690912
543,543,221.6976710546361,16.15958043819516,100,100,31420.618821228454,89.00978534928144
544,544,235.1707833874613,11.656198781707761,100,100,31420.63611878244,89.00796211365936
545,545,221.4867635225776,18.843490851007072,100,100,31420.65344815311,89.00613888004655
546,546,228.24656330243266,17.532509588133465,100,100,31420.6708093404,89.00431564844673
547,547,238.34810257917053,14.767366615807962,100,100,31420.68820234426,89.00249241886355
548,548,227.64426922989006,10.850594762191466,100,100,31420.705627164643,89.00066919130074
549,549,221.89364584452593,11.153489505935909,100,100,31420.723083801488,88.99884596576197
550,550,233.3489677076685,11.479407463245455,100,100,31420.740572254752,88.99702274225092
551,551,233.5842801841697,17.498154634769165,100,100,31420.758092524367,88.9951995207713
552,552,235.03035759748727,10.553786691424227,100,100,31420.775644610298,88.99337630132678
553,553,238.92131946912903,12.783710093919744,100,100,31420.79322851248,88.99155308392106
554,554,227.476870471987,13.542018610441882,100,100,31420.810844230862,88.98972986855784
555,555,233.90361218087176,19.44921830152309,100,100,31420.82849176539,88.98790665524078
556,556,224.6932993239807,13.737662106127708,100,100,31420.846171116013,88.98608344397358
557,557,238.82168580521568,12.252522097796984,100,100,31420.86388228267,88.98426023475993
558,558,238.06238787684848,11.842916259499596,100,100,31420.881625265316,88.98243702760354
559,559,228.34398977192492,14.507140800246916,100,100,31420.8994000639,88.98061382250806
560,560,225.40230750853704,12.014009054927337,100,100,31420.91720667835,88.97879061947722
561,561,228.15763947951996,19.082588600033482,100,100,31420.935045108632,88.97696741851466
562,562,231.0419127503495,15.267393535280291,100,100,31420.952915354675,88.97514421962411
563,563,223.15854611239484,13.880632034903384,100,100,31420.970817416444,88.97332102280926
564,564,239.7760530312587,10.298653339631965,100,100,31420.98875129387,88.97149782807377
565,565,227.72186802371303,17.352225830776117,100,100,31421.006716986893,88.96967463542134
566,566,220.59527190222346,17.183190377128604,100,100,31421.024714495477,88.96785144485565
567,567,229.93809867937668,14.647825433161277,100,100,31421.04274381956,88.96602825638043
568,568,230.43385901221518,18.14873479181302,100,100,31421.060804959077,88.96420506999931
569,569,221.0243648406121,10.943003664922683,100,100,31421.078897913987,88.96238188571601
570,570,224.7604493260515,11.281483710989056,100,100,31421.09702268423,88.96055870353422
571,571,226.2937992329105,13.496168582452746,100,100,31421.115179269746,88.95873552345762
572,572,234.42353202905858,12.799581850135558,100,100,31421.133367670485,88.95691234548993
573,573,234.63510528011804,19.27170777837794,100,100,31421.151587886394,88.95508916963476
574,574,231.10628633964754,18.486195596065258,100,100,31421.169839917413,88.95326599589588
575,575,224.35622118165855,18.334022036723383,100,100,31421.188123763488,88.95144282427694
576,576,225.26578620913136,18.835137943726146,100,100,31421.206439424564,88.94961965478164
577,577,224.85589490703637,18.816133554700603,100,100,31421.224786900588,88.94779648741365
578,578,234.87046447228047,18.012525039207762,100,100,31421.243166191496,88.94597332217668
579,579,235.88881867588137,13.4574068978809,100,100,31421.26157729724,88.94415015907443
580,580,232.69223676166874,16.38943358189109,100,100,31421.28002021776,88.94232699811054
581,581,229.81996773999361,19.663024661423826,100,100,31421.298494953004,88.94050383928874
582,582,226.69747854199764,12.60321098686983,100,100,31421.31700150291,88.9386806826127
583,583,228.94592124139837,11.007504149162049,100,100,31421.33553986743,88.93685752808611
584,584,230.3996123337736,19.422594044573337,100,100,31421.35411004649,88.93503437571268
585,585,221.78459119220986,14.142583034575496,100,100,31421.37271204006,88.93321122549607
586,586,225.63979295257218,13.375575284936765,100,100,31421.391345848067,88.93138807743996
587,587,228.47141883860823,19.969528906246648,100,100,31421.410011470452,88.92956493154806
588,588,239.6432113109508,17.06399104987222,100,100,31421.42870890717,88.92774178782408
589,589,221.78069909466373,19.01610965574264,100,100,31421.447438158153,88.92591864627164
590,590,236.26566436630767,17.062311827610333,100,100,31421.466199223356,88.9240955068945
591,591,231.19865393454518,12.461452749257464,100,100,31421.484992102705,88.9222723696963
592,592,239.89228176117103,15.013245917315512,100,100,31421.503816796165,88.92044923468076
593,593,225.4822522106108,16.58366272827157,100,100,31421.522673303658,88.91862610185156
594,594,227.5929682631186,15.189359971580613,100,100,31421.541561625138,88.91680297121236
595,595,232.81312729950744,12.569775851830236,100,100,31421.560481760538,88.91497984276687
596,596,232.4799832178898,19.279637792862843,100,100,31421.57943370982,88.9131567165188
597,597,229.89989991984646,18.4981869066874,100,100,31421.598417472902,88.91133359247179
598,598,225.67360177965526,13.832231271218618,100,100,31421.61743304975,88.90951047062957
599,599,223.20709448695453,18.803435127176712,100,100,31421.636480440284,88.90768735099579
600,600,223.40649624023797,12.862081329326976,100,100,31421.655559644463,88.90586423357416
601,601,233.76215154486673,19.059642369608337,100,100,31421.674670662218,88.9040411183684
602,602,237.52693451730948,19.01569563557742,100,100,31421.6938134935,88.90221800538212
603,603,221.03026380214774,16.8398635158136,100,100,31421.712988138243,88.90039489461908
604,604,221.68365915155925,17.423726774308758,100,100,31421.732194596396,88.89857178608293
605,605,223.6407473989328,15.762115887093227,100,100,31421.751432867895,88.89674867977735
606,606,238.40421219627538,11.01483282161751,100,100,31421.770702952686,88.89492557570605
607,607,224.60605624264718,15.783048633918817,100,100,31421.790004850704,88.89310247387272
608,608,233.95034131641194,12.813430950192435,100,100,31421.8093385619,88.89127937428103
609,609,232.02120651218058,13.060275062960262,100,100,31421.828704086205,88.8894562769347
610,610,224.28521463085443,15.396831516830995,100,100,31421.848101423566,88.88763318183736
611,611,224.78988496949017,11.022819184852988,100,100,31421.867530573927,88.88581008899276
612,612,238.15093618024792,11.709482428744895,100,100,31421.88699153722,88.88398699840452
613,613,234.42307175984075,11.278065284572707,100,100,31421.90648431339,88.8821639100764
614,614,221.53971928697842,13.201639416093041,100,100,31421.926008902377,88.88034082401204
615,615,229.80462207683667,17.134662094537727,100,100,31421.945565304126,88.87851774021514
616,616,226.5995303218018,10.309287306693012,100,100,31421.965153518577,88.87669465868939
617,617,229.502459783937,12.491109570918201,100,100,31421.984773545668,88.87487157943846
618,618,229.1502733165214,19.71678292171893,100,100,31422.004425385338,88.87304850246608
619,619,223.77187055454684,11.137602439156312,100,100,31422.024109037524,88.8712254277759
620,620,221.40976484595225,15.593131537945727,100,100,31422.043824502183,88.8694023553716
621,621,229.269187622742,18.488405355446282,100,100,31422.063571779236,88.86757928525691
622,622,220.9364459320252,17.79787354508833,100,100,31422.08335086863,88.86575621743546
623,623,235.89991649481198,19.001303853483904,100,100,31422.103161770312,88.86393315191098
624,624,234.81214586234051,12.571275641219634,100,100,31422.12300448421,88.86211008868715
625,625,228.5979640258797,13.641627838343968,100,100,31422.142879010265,88.86028702776765
626,626,233.93307595211587,18.79524163433814,100,100,31422.162785348428,88.85846396915616
627,627,227.0008158815005,12.530971498069366,100,100,31422.182723498634,88.85664091285639
628,628,226.3977023149579,14.287129455033565,100,100,31422.20269346081,88.85481785887201
629,629,228.75995895367186,11.760880943770351,100,100,31422.222695234905,88.8529948072067
630,630,239.55226871046995,13.08343123876055,100,100,31422.242728820864,88.85117175786417
631,631,221.33127923058575,19.072154637222916,100,100,31422.26279421862,88.84934871084808
632,632,220.55163225820706,11.708446922261096,100,100,31422.282891428113,88.84752566616213
633,633,229.69520843989883,12.11084785239344,100,100,31422.303020449275,88.84570262381003
634,634,222.5538135541043,18.189550483179662,100,100,31422.32318128206,88.84387958379541
635,635,220.47947080011727,16.493003940110533,100,100,31422.343373926393,88.84205654612201
636,636,224.41502390230897,10.02537009554834,100,100,31422.363598382217,88.8402335107935
637,637,221.35415421312823,10.207379090469328,100,100,31422.383854649474,88.83841047781355
638,638,236.88463440141953,18.92317773216391,100,100,31422.404142728097,88.83658744718588
639,639,237.67613546663355,19.497190033343486,100,100,31422.424462618023,88.83476441891413
640,640,228.70237252535236,13.902410211405623,100,100,31422.444814319206,88.83294139300203
641,641,224.22941714243402,16.686373147580852,100,100,31422.465197831563,88.83111836945325
642,642,237.43920498116114,16.742736375701913,100,100,31422.485613155048,88.82929534827147
643,643,237.94671201440192,10.36423548072787,100,100,31422.506060289586,88.82747232946039
644,644,229.11675708326663,10.089521059397132,100,100,31422.526539235125,88.82564931302369
645,645,232.34779577242674,18.70063560772856,100,100,31422.5470499916,88.82382629896505
646,646,235.35810887460212,13.085217640688812,100,100,31422.56759255895,88.82200328728817
647,647,232.74108418206492,18.223415218154862,100,100,31422.588166937105,88.82018027799674
648,648,225.69619065092226,13.022889262428839,100,100,31422.60877312601,88.81835727109441
649,649,221.20900803409515,13.454779662027416,100,100,31422.629411125607,88.81653426658491
650,650,238.26022765397005,18.306946091885607,100,100,31422.65008093582,88.8147112644719
651,651,221.00685091442912,17.48505925238671,100,100,31422.670782556594,88.81288826475908
652,652,237.70929709661084,12.362151441860519,100,100,31422.691515987866,88.81106526745013
653,653,224.89558115355152,17.216705315891613,100,100,31422.71228122957,88.80924227254873
654,654,223.07309743933024,17.1802079416094,100,100,31422.73307828165,88.80741928005857
655,655,225.05295427259358,17.968177411898804,100,100,31422.753907144037,88.80559628998336
656,656,221.3446728364159,13.973617311860425,100,100,31422.774767816663,88.80377330232675
657,657,229.222047794421,19.474280108969815,100,100,31422.79566029948,88.80195031709245
658,658,234.33809827369905,13.248026251057137,100,100,31422.81658459241,88.80012733428413
659,659,222.3788687961831,14.470428134939047,100,100,31422.837540695393,88.79830435390548
660,660,228.0593773554883,16.21594509847158,100,100,31422.858528608365,88.79648137596018
661,661,222.95899475326001,16.888380735999892,100,100,31422.879548331268,88.79465840045195
662,662,236.0474503211955,17.892751190697037,100,100,31422.90059986404,88.79283542738445
663,663,234.69359929070848,19.277004959786417,100,100,31422.921683206605,88.79101245676137
664,664,234.03244237013422,15.914641437488703,100,100,31422.942798358905,88.78918948858637
665,665,223.1792469212936,17.619035934441325,100,100,31422.963945320877,88.78736652286318
666,666,227.84372993106652,15.793867325797365,100,100,31422.985124092454,88.78554355959545
667,667,222.74338409320669,10.752339510562631,100,100,31423.00633467358,88.78372059878689
668,668,229.64939178804144,16.053273579129964,100,100,31423.02757706418,88.78189764044117
669,669,235.18328433145987,18.21552253854579,100,100,31423.048851264186,88.780074684562
670,670,221.5899030760367,18.702264695874007,100,100,31423.070157273556,88.77825173115303
671,671,234.3336821117772,11.08177267067812,100,100,31423.091495092194,88.77642878021797
672,672,230.75889398801078,18.035940041497657,100,100,31423.11286472007,88.77460583176051
673,673,220.04634437981076,11.838077311730453,100,100,31423.13426615709,88.77278288578431
674,674,239.78362795649548,11.739974152134563,100,100,31423.155699403196,88.77095994229308
675,675,220.20531679385758,17.51843186210457,100,100,31423.177164458335,88.76913700129049
676,676,236.6304998371505,11.974971871155017,100,100,31423.198661322433,88.76731406278023
677,677,231.37915114777357,19.350446168716168,100,100,31423.22018999542,88.76549112676601
678,678,235.42490961948073,15.020415199766807,100,100,31423.241750477235,88.76366819325148
679,679,228.16860727382462,15.504232171890568,100,100,31423.263342767823,88.76184526224031
680,680,226.98336383439607,14.041469689989958,100,100,31423.2849668671,88.76002233373625
681,681,220.4890622182864,14.15553504894193,100,100,31423.306622775006,88.75819940774294
682,682,238.53305106391625,16.427947007275094,100,100,31423.328310491488,88.75637648426407
683,683,230.62298065685314,15.369630654494053,100,100,31423.350030016463,88.75455356330333
684,684,236.3260346763057,17.550122190175976,100,100,31423.371781349877,88.7527306448644
685,685,222.31327344367512,11.202623628383673,100,100,31423.39356449166,88.75090772895098
686,686,224.9079004646334,16.490258004324993,100,100,31423.41537944174,88.74908481556676
687,687,225.45463284151356,12.516368900809715,100,100,31423.43722620006,88.74726190471537
688,688,224.6433587133039,10.692174332515808,100,100,31423.459104766545,88.74543899640058
689,689,234.83753198649168,17.163799910702913,100,100,31423.481015141144,88.743616090626
690,690,226.45976665143064,11.47858251081341,100,100,31423.502957323773,88.74179318739536
691,691,220.31557224214458,17.334343301051923,100,100,31423.52493131437,88.73997028671234
692,692,235.9062076253831,16.950005328823856,100,100,31423.546937112875,88.7381473885806
693,693,223.0507454812482,13.015744297665627,100,100,31423.56897471921,88.73632449300385
694,694,224.811680927106,16.05889915071849,100,100,31423.591044133318,88.73450159998576
695,695,220.0854660882388,10.540788381641494,100,100,31423.613145355128,88.73267870953002
696,696,234.06320559380427,15.108198347939052,100,100,31423.635278384576,88.73085582164033
697,697,224.20144930177156,11.177802837506526,100,100,31423.65744322159,88.72903293632035
698,698,221.83013923739964,14.198491375263625,100,100,31423.679639866103,88.72721005357378
699,699,232.97644477631206,16.167504858312213,100,100,31423.701868318054,88.7253871734043
700,700,223.0322565395929,14.795965330794589,100,100,31423.724128577374,88.7235642958156
701,701,221.28318525726456,17.44459143661824,100,100,31423.746420643984,88.72174142081137
702,702,226.97965292584257,15.932164398791562,100,100,31423.768744517827,88.71991854839527
703,703,225.8418180012915,10.607699100045282,100,100,31423.791100198843,88.718095678571
704,704,230.1646284591062,14.379867159856945,100,100,31423.813487686944,88.71627281134225
705,705,231.9978567789358,15.67140998396545,100,100,31423.835906982073,88.7144499467127
706,706,233.68131500924542,11.224577829899353,100,100,31423.85835808416,88.71262708468603
707,707,229.6341038433556,13.879473743994819,100,100,31423.880840993144,88.71080422526593
708,708,221.62821503737786,17.732101734094414,100,100,31423.90335570894,88.70898136845608
709,709,222.81375306778793,18.88684576914317,100,100,31423.9259022315,88.70715851426019
710,710,233.61110829190136,15.758051082280849,100,100,31423.948480560743,88.70533566268189
711,711,222.8137718837149,14.178492362000762,100,100,31423.9710906966,88.70351281372491
712,712,231.72953898277464,12.220417141716492,100,100,31423.993732639006,88.70168996739292
713,713,233.18633028835737,14.681046886346023,100,100,31424.016406387895,88.69986712368961
714,714,224.01370453115294,13.742124904543171,100,100,31424.0391119432,88.69804428261867
715,715,237.43875069055093,12.03006872881387,100,100,31424.061849304835,88.69622144418375
716,716,231.1324452269929,17.469411987335587,100,100,31424.08461847275,88.69439860838857
717,717,236.20646826069043,11.012622424887969,100,100,31424.107419446867,88.6925757752368
718,718,220.88182043631673,16.477735620891956,100,100,31424.130252227118,88.69075294473213
719,719,229.66672338054417,16.13333948913946,100,100,31424.15311681344,88.68893011687824
720,720,227.30970135109447,18.209460914034473,100,100,31424.176013205753,88.68710729167881
721,721,223.31797851690845,14.100135442554187,100,100,31424.198941403993,88.68528446913754
722,722,222.667482368136,11.98856359365199,100,100,31424.221901408087,88.6834616492581
723,723,233.84998723087722,15.853128031065697,100,100,31424.24489321797,88.68163883204419
724,724,223.06239984737763,14.131215314132103,100,100,31424.26791683357,88.67981601749945
725,725,226.64780078546286,13.848866827671223,100,100,31424.29097225482,88.67799320562762
726,726,225.08662255615445,12.9112642937214,100,100,31424.314059481643,88.67617039643235
727,727,232.90757586386522,19.388604847281062,100,100,31424.33717851398,88.67434758991735
728,728,231.16000956942014,17.072541115595044,100,100,31424.360329351744,88.67252478608626
729,729,230.5365750554967,13.011627049829704,100,100,31424.383511994885,88.67070198494282
730,730,237.4931505729802,19.293352574362842,100,100,31424.406726443307,88.66887918649067
731,731,235.95890637877204,17.142958640005357,100,100,31424.429972696973,88.6670563907335
732,732,231.96905101972038,17.22564733252075,100,100,31424.45325075578,88.66523359767501
733,733,235.69077206172577,11.627761009060592,100,100,31424.476560619674,88.66341080731888
734,734,231.98115471906678,10.64814475269397,100,100,31424.499902288593,88.6615880196688
735,735,239.9017674933273,18.864271634691562,100,100,31424.523275762447,88.65976523472843
736,736,234.83884963531344,14.383173096289564,100,100,31424.54668104117,88.65794245250147
737,737,232.87565076331242,15.111463938845908,100,100,31424.5701181247,88.65611967299161
738,738,230.4823617378316,15.06357850740842,100,100,31424.593587012954,88.65429689620252
739,739,234.71835199178236,15.642327507416425,100,100,31424.61708770587,88.65247412213789
740,740,222.12133756123444,14.70764529031033,100,100,31424.64062020337,88.65065135080138
741,741,220.8411739666338,17.648108059376725,100,100,31424.664184505393,88.64882858219673
742,742,223.310608589817,17.693902186055833,100,100,31424.687780611846,88.64700581632758
743,743,227.1878292757203,15.842040770527888,100,100,31424.711408522686,88.64518305319761
744,744,228.83412902614668,18.371576639910597,100,100,31424.735068237816,88.64336029281051
745,745,238.37440072295706,17.791432928683168,100,100,31424.75875975718,88.64153753516999
746,746,226.66989213899413,12.958002610876404,100,100,31424.7824830807,88.6397147802797
747,747,236.14607347842838,10.280551768152332,100,100,31424.806238208308,88.63789202814334
748,748,238.0501955249911,19.177476156543335,100,100,31424.830025139923,88.63606927876458
749,749,234.37137178777084,18.13470724959933,100,100,31424.853843875484,88.63424653214712
750,750,235.07956545780706,19.941411541467176,100,100,31424.87769441491,88.63242378829463
751,751,237.3267817124116,19.931312143462847,100,100,31424.901576758133,88.63060104721082
752,752,227.34360516230205,10.903789896155294,100,100,31424.92549090508,88.62877830889933
753,753,220.81969854482753,18.11752781369925,100,100,31424.94943685567,88.62695557336386
754,754,233.86593830188502,16.219733427452486,100,100,31424.97341460985,88.6251328406081
755,755,225.29170946326659,16.596171264222658,100,100,31424.99742416753,88.62331011063574
756,756,227.60972685391087,12.456760111792368,100,100,31425.02146552864,88.62148738345046
757,757,239.15513529493563,11.739283791502727,100,100,31425.045538693106,88.61966465905591
758,758,235.16960737908764,18.06438680181132,100,100,31425.069643660863,88.61784193745584
759,759,227.24053798444538,13.073766670975377,100,100,31425.09378043184,88.61601921865385
760,760,236.7395937034593,11.780504106253586,100,100,31425.117949005948,88.61419650265368
761,761,229.2711980067869,15.715112957044429,100,100,31425.142149383122,88.61237378945901
762,762,223.0573806593462,18.61399953981897,100,100,31425.166381563293,88.61055107907352
763,763,222.39168332807526,15.069258629717964,100,100,31425.19064554638,88.60872837150086
764,764,223.79329375947054,14.192983364562124,100,100,31425.21494133232,88.60690566674474
765,765,238.62291271126827,13.585415527138284,100,100,31425.23926892102,88.60508296480883
766,766,236.43163035255995,18.320916015794772,100,100,31425.263628312427,88.60326026569685
767,767,234.06446270512117,15.926252972240855,100,100,31425.288019506446,88.60143756941244
768,768,231.2864088879724,14.244393150935437,100,100,31425.31244250303,88.59961487595929
769,769,227.04466663175234,14.909794808901722,100,100,31425.336897302084,88.59779218534109
770,770,230.1760277676024,14.86213898299751,100,100,31425.361383903542,88.59596949756154
771,771,221.0935495654116,10.406195910480712,100,100,31425.38590230732,88.59414681262429
772,772,236.12526401449068,10.935205477013028,100,100,31425.410452513355,88.59232413053303
773,773,231.8260207864138,17.182929137260896,100,100,31425.435034521568,88.59050145129146
774,774,224.51056914821433,12.31852484971041,100,100,31425.459648331886,88.58867877490324
775,775,225.52677849438714,19.506800801375675,100,100,31425.484293944235,88.58685610137208
776,776,222.34597398831067,11.667308566371178,100,100,31425.508971358537,88.58503343070163
777,777,226.47380496384338,16.46629252598771,100,100,31425.53368057471,88.5832107628956
778,778,225.8926580956359,11.973202216773545,100,100,31425.558421592694,88.58138809795766
779,779,228.8212483062697,10.583851392486878,100,100,31425.58319441241,88.57956543589148
780,780,234.51089173793503,18.50228900716788,100,100,31425.607999033775,88.57774277670077
781,781,220.31540234169069,14.97456945272802,100,100,31425.632835456727,88.5759201203892
782,782,238.85044636708741,19.75784035633651,100,100,31425.657703681172,88.57409746696042
783,783,228.89077545271314,12.627392092569108,100,100,31425.682603707046,88.57227481641819
784,784,239.3683837399797,14.69034341977294,100,100,31425.707535534275,88.5704521687661
785,785,234.01132595457617,13.508170124791867,100,100,31425.732499162776,88.56862952400789
786,786,237.51508063575574,15.031221716516376,100,100,31425.757494592486,88.56680688214722
787,787,239.5359201745735,11.012804145618171,100,100,31425.78252182331,88.5649842431878
788,788,239.03169123933182,15.936681729347987,100,100,31425.807580855195,88.56316160713328
789,789,221.03732712808562,18.10750184261272,100,100,31425.832671688047,88.56133897398733
790,790,238.6512834490129,16.753480804073543,100,100,31425.85779432179,88.5595163437537
791,791,235.87750910019759,11.175896644684062,100,100,31425.88294875636,88.55769371643599
792,792,227.07986794952956,15.937446271110161,100,100,31425.90813499167,88.55587109203793
793,793,223.93445551311206,17.270098271847317,100,100,31425.933353027653,88.55404847056319
794,794,237.68910071511885,11.881255066969478,100,100,31425.95860286422,88.55222585201545
795,795,225.2921554283348,19.839438077566328,100,100,31425.983884501304,88.5504032363984
796,796,223.35303619632336,16.917336055395392,100,100,31426.009197938823,88.54858062371571
797,797,236.95540584943055,14.193507402617177,100,100,31426.034543176705,88.54675801397106
798,798,224.77195468227518,17.753545551972692,100,100,31426.059920214873,88.54493540716814
799,799,223.6489145924743,15.288822253550578,100,100,31426.085329053243,88.54311280331063
800,800,225.54263614637105,10.9750296300639,100,100,31426.110769691753,88.54129020240222
801,801,223.42061889371206,10.787393092155396,100,100,31426.136242130302,88.53946760444657
802,802,230.9517574832517,15.03118832094079,100,100,31426.16174636883,88.53764500944739
803,803,226.61412178551998,17.303227599948805,100,100,31426.18728240726,88.53582241740833
804,804,228.14492797684417,14.722007265063624,100,100,31426.212850245505,88.5339998283331
805,805,232.64339079486066,16.03698466988802,100,100,31426.238449883494,88.53217724222536
806,806,233.36498046807958,17.778672336088732,100,100,31426.264081321147,88.53035465908879
807,807,227.17949436706226,17.984041329721038,100,100,31426.289744558388,88.52853207892709
808,808,222.50400839603142,14.565638841935046,100,100,31426.31543959514,88.52670950174392
809,809,234.99309888995737,15.47576691663777,100,100,31426.341166431317,88.52488692754298
810,810,231.57563812675068,17.860992888316247,100,100,31426.366925066854,88.52306435632794
811,811,229.5628260288008,11.064916246022621,100,100,31426.392715501657,88.5212417881025
812,812,231.16467507510646,14.363703973126869,100,100,31426.418537735663,88.5194192228703
813,813,230.56357345018347,14.5817193924319,100,100,31426.444391768782,88.51759666063506
814,814,238.02901045144156,14.305775699109166,100,100,31426.470277600947,88.51577410140045
815,815,235.70305162360734,12.942351212936444,100,100,31426.49619523207,88.51395154517014
816,816,232.6538654115308,19.6542237636552,100,100,31426.52214466207,88.51212899194783
817,817,221.6952834609194,11.748539046680945,100,100,31426.548125890884,88.51030644173719
818,818,224.84596284850744,10.048458910405573,100,100,31426.57413891842,88.5084838945419
819,819,222.8581942595641,12.752783713411276,100,100,31426.600183744595,88.50666135036562
820,820,226.36347645304755,18.466976435333148,100,100,31426.62626036934,88.50483880921207
821,821,238.48804399742596,15.182521599451206,100,100,31426.652368792573,88.50301627108492
822,822,231.89040775022792,13.194062763304387,100,100,31426.67850901421,88.50119373598783
823,823,238.953686928384,10.174768012467165,100,100,31426.70468103418,88.4993712039245
824,824,232.0798611082917,19.51770732347199,100,100,31426.7308848524,88.49754867489861
825,825,237.87812895348858,14.746981009504008,100,100,31426.757120468792,88.49572614891382
826,826,222.4243886966603,13.443459702001546,100,100,31426.783387883268,88.49390362597383
827,827,234.09906290319427,13.628946055342595,100,100,31426.80968709576,88.49208110608232
828,828,223.14680637438735,17.69419732177963,100,100,31426.836018106176,88.49025858924297
829,829,223.28526869476818,11.023778156542257,100,100,31426.86238091445,88.48843607545945
830,830,223.13478537161885,12.588165308091398,100,100,31426.88877552049,88.48661356473545
831,831,234.23674023095487,15.141224752064844,100,100,31426.91520192422,88.48479105707464
832,832,232.65167412486045,11.66933041880765,100,100,31426.94166012556,88.48296855248073
833,833,235.81993456059885,16.396803943118613,100,100,31426.968150124434,88.48114605095736
834,834,238.679175843959,10.664389046450617,100,100,31426.994671920755,88.47932355250825
835,835,223.42286085205885,18.388576340090488,100,100,31427.021225514454,88.47750105713703
836,836,236.9569814249465,10.350642000144903,100,100,31427.047810905427,88.47567856484743
837,837,227.16077949734947,17.928788022063216,100,100,31427.074428093612,88.4738560756431
838,838,225.92456649982583,12.728799297787218,100,100,31427.101077078933,88.47203358952774
839,839,223.4593274631481,12.156313927481293,100,100,31427.12775786129,88.47021110650499
840,840,221.15484013583068,19.837226359794354,100,100,31427.15447044062,88.46838862657859
841,841,228.96318392904126,11.450299502060245,100,100,31427.181214816832,88.46656614975217
842,842,233.49005048036764,18.63005747818114,100,100,31427.207990989842,88.46474367602944
843,843,239.23567841614613,11.383875028607608,100,100,31427.234798959576,88.46292120541406
844,844,237.77874992665608,12.14472300211247,100,100,31427.26163872595,88.46109873790972
845,845,234.38285799753913,11.605947296321856,100,100,31427.288510288883,88.45927627352012
846,846,221.60156367411105,18.82369888464449,100,100,31427.315413648295,88.4574538122489
847,847,226.50668638213278,12.06373696020045,100,100,31427.342348804104,88.45563135409975
848,848,239.47720357411427,18.93450637310094,100,100,31427.369315756223,88.45380889907636
849,849,239.30434222130657,18.117342111370824,100,100,31427.396314504575,88.4519864471824
850,850,224.99592965519724,15.91051850975697,100,100,31427.423345049072,88.45016399842159
851,851,224.19202245802487,11.605079482773778,100,100,31427.450407389646,88.44834155279756
852,852,230.42812080827116,12.438917944094182,100,100,31427.477501526206,88.44651911031399
853,853,234.04551711589136,19.090159013951848,100,100,31427.504627458664,88.4446966709746
854,854,223.21761513607794,14.83904477201649,100,100,31427.53178518694,88.44287423478302
855,855,230.798159044551,17.887682076230714,100,100,31427.558974710963,88.44105180174297
856,856,226.25387169419932,17.41368980430941,100,100,31427.58619603064,88.4392293718581
857,857,232.56761637721786,13.400487890207021,100,100,31427.61344914589,88.43740694513212
858,858,232.00078201389113,14.737414702605498,100,100,31427.640734056637,88.43558452156869
859,859,233.52239702361027,12.429437313578926,100,100,31427.668050762783,88.43376210117147
860,860,224.2491284648436,19.77088918343669,100,100,31427.695399264256,88.43193968394418
861,861,230.88418459735414,15.333904513877274,100,100,31427.72277956097,88.43011726989049
862,862,228.90608928408037,11.029214550370613,100,100,31427.75019165285,88.42829485901404
863,863,223.8112830199887,16.450487837616656,100,100,31427.777635539805,88.42647245131856
864,864,220.21292032492013,14.797682925422052,100,100,31427.805111221747,88.4246500468077
865,865,231.80918139923176,15.94192468166732,100,100,31427.8326186986,88.42282764548514
866,866,235.2388974724232,10.484958480755855,100,100,31427.86015797028,88.42100524735457
867,867,220.65199750013986,16.08394032913636,100,100,31427.8877290367,88.41918285241968
868,868,239.97825438562705,10.373563734858333,100,100,31427.91533189778,88.41736046068411
869,869,237.89619123712976,13.865388816034203,100,100,31427.942966553437,88.41553807215158
870,870,237.75445061408888,13.220537165454541,100,100,31427.970633003588,88.41371568682574
871,871,226.38907109573347,12.681870165178688,100,100,31427.998331248138,88.41189330471028
872,872,237.54822550233496,15.990232868304208,100,100,31428.026061287015,88.4100709258089
873,873,239.9343028511498,15.360044561159468,100,100,31428.053823120128,88.40824855012522
874,874,228.4657996069622,13.391567103041158,100,100,31428.081616747397,88.40642617766298
875,875,226.4311838970268,13.352880308153136,100,100,31428.109442168734,88.40460380842582
876,876,239.9436111824189,14.351085188227444,100,100,31428.137299384067,88.40278144241745
877,877,223.22621028113363,10.423882711519083,100,100,31428.165188393286,88.40095907964152
878,878,239.1395422133383,10.175122709259579,100,100,31428.19310919633,88.39913672010174
879,879,227.85540569612752,15.721056412254333,100,100,31428.221061793105,88.39731436380174
880,880,234.4980105954183,15.739250931496095,100,100,31428.24904618353,88.39549201074523
881,881,221.82563089925543,13.277457182479306,100,100,31428.277062367506,88.3936696609359
882,882,229.0762424127462,14.800301792332544,100,100,31428.30511034497,88.39184731437742
883,883,227.66976685326648,14.689135367617707,100,100,31428.333190115824,88.39002497107344
884,884,233.9170638807457,12.422110585010063,100,100,31428.361301679983,88.38820263102767
885,885,239.16296386389382,15.617039198691096,100,100,31428.38944503736,88.38638029424378
886,886,232.91773262863805,11.653618968918643,100,100,31428.417620187876,88.38455796072545
887,887,235.1218299519021,14.950730594966174,100,100,31428.44582713144,88.38273563047635
888,888,224.4471206267364,12.638969911072639,100,100,31428.474065867973,88.38091330350018
889,889,232.17736232862163,13.05964407515313,100,100,31428.502336397378,88.37909097980058
890,890,234.85476036599087,19.351571964668345,100,100,31428.53063871959,88.37726865938126
891,891,236.92313014561668,15.908434748510187,100,100,31428.558972834497,88.37544634224588
892,892,236.94787169563523,16.828053613835962,100,100,31428.58733874203,88.37362402839813
893,893,237.48301998300457,19.299555427105297,100,100,31428.615736442094,88.37180171784168
894,894,239.6699526733304,12.364761847014151,100,100,31428.64416593461,88.36997941058021
895,895,232.1451788747399,19.499236693477773,100,100,31428.672627219494,88.36815710661742
896,896,233.41782043858166,17.289556462702013,100,100,31428.701120296646,88.36633480595694
897,897,234.16930054367276,15.321098821895239,100,100,31428.729645165993,88.36451250860247
898,898,227.5813801860842,19.950729431844785,100,100,31428.758201827444,88.36269021455773
899,899,235.38353902628802,15.874228264943273,100,100,31428.78679028091,88.36086792382632
900,900,224.31305849643906,13.462345766572671,100,100,31428.815410526306,88.35904563641198
901,901,224.05378174154632,15.203866413755248,100,100,31428.84406256355,88.35722335231836
902,902,226.5145088645902,18.35320948969541,100,100,31428.872746392542,88.35540107154914
903,903,237.7472849391225,11.867237228663681,100,100,31428.901462013204,88.353578794108
904,904,237.63599638770197,13.985296651447179,100,100,31428.93020942545,88.35175651999863
905,905,224.64331984948532,12.299946012403918,100,100,31428.958988629198,88.34993424922469
906,906,220.58142715587917,16.94050790530618,100,100,31428.987799624345,88.34811198178987
907,907,229.2777119041045,15.94551027179039,100,100,31429.01664241081,88.34628971769781
908,908,237.6823473161528,17.72480143415824,100,100,31429.04551698851,88.34446745695224
909,909,231.37596979378662,16.95112121490813,100,100,31429.074423357364,88.34264519955681
910,910,223.0978940778951,14.359831283824027,100,100,31429.103361517264,88.34082294551521
911,911,238.24513891577735,19.249998671390166,100,100,31429.132331468132,88.3390006948311
912,912,225.86950458435254,18.628361676303705,100,100,31429.16133320989,88.33717844750818
913,913,237.72340416055658,13.113912729007353,100,100,31429.190366742438,88.3353562035501
914,914,223.88614837552916,18.078293104956604,100,100,31429.219432065693,88.33353396296054
915,915,221.88717623215683,13.058017801784516,100,100,31429.24852917956,88.33171172574322
916,916,239.89676800236705,17.083819007458253,100,100,31429.277658083964,88.32988949190177
917,917,225.7019627515541,17.37232946691952,100,100,31429.306818778798,88.32806726143987
918,918,237.80194165585982,16.37710784579761,100,100,31429.336011263993,88.32624503436122
919,919,229.48362007471835,16.340527175121338,100,100,31429.36523553945,88.32442281066947
920,920,229.0549251520346,18.15311245278555,100,100,31429.39449160508,88.32260059036834
921,921,225.00935344321985,10.328377983467865,100,100,31429.423779460794,88.32077837346147
922,922,238.00235020158556,17.712041856958315,100,100,31429.453099106508,88.31895615995253
923,923,234.89340782861407,13.476574509937297,100,100,31429.482450542127,88.31713394984523
924,924,236.36271159245564,14.411136605581785,100,100,31429.51183376757,88.31531174314321
925,925,228.56314274295266,10.581251818378682,100,100,31429.54124878274,88.31348953985018
926,926,232.77544392289352,13.62672903098144,100,100,31429.570695587547,88.3116673399698
927,927,235.98916372666133,18.621469788555512,100,100,31429.600174181916,88.30984514350575
928,928,233.10977306716535,12.34929924121943,100,100,31429.629684565738,88.30802295046172
929,929,228.88240623379366,12.366636202882718,100,100,31429.65922673893,88.30620076084134
930,930,239.79874725571494,18.57674881445452,100,100,31429.688800701413,88.30437857464834
931,931,225.2883805863879,11.167525595766627,100,100,31429.71840645308,88.30255639188637
932,932,232.80903632997806,19.306531574285394,100,100,31429.74804399386,88.3007342125591
933,933,237.23142630075083,13.373830297780682,100,100,31429.77771332365,88.29891203667025
934,934,226.46072879281397,12.4331387259322,100,100,31429.80741444236,88.29708986422342
935,935,222.57803495501037,14.047599107944837,100,100,31429.837147349903,88.29526769522236
936,936,234.31060601433165,17.84108274087283,100,100,31429.866912046185,88.2934455296707
937,937,236.84220452099458,14.200563533400722,100,100,31429.896708531123,88.29162336757214
938,938,229.80926590943184,18.576141495582164,100,100,31429.92653680463,88.28980120893036
939,939,239.76609587437855,10.214817622693822,100,100,31429.956396866597,88.28797905374901
940,940,235.67060872707316,19.853278715086603,100,100,31429.986288716955,88.28615690203179
941,941,229.81200782414365,16.286121962227266,100,100,31430.016212355604,88.28433475378236
942,942,223.45084824031832,16.728794247912724,100,100,31430.04616778244,88.2825126090044
943,943,225.12593415890413,16.745237380250632,100,100,31430.07615499739,88.28069046770159
944,944,233.46862558134828,13.952219888608251,100,100,31430.10617400036,88.27886832987761
945,945,221.77827944534602,13.564138858992116,100,100,31430.136224791255,88.27704619553612
946,946,223.56141004069744,16.52882184176962,100,100,31430.16630736999,88.27522406468081
947,947,221.42457158846747,11.903922239092221,100,100,31430.196421736466,88.27340193731534
948,948,220.19741133454613,13.000577850950812,100,100,31430.226567890593,88.27157981344341
949,949,223.34174881021866,17.482608684795434,100,100,31430.256745832285,88.26975769306868
950,950,229.46472322276836,15.923008518666839,100,100,31430.28695556144,88.26793557619484
951,951,232.31625247138277,18.767286142995193,100,100,31430.31719707798,88.26611346282554
952,952,220.37134840364766,18.239451476177102,100,100,31430.3474703818,88.26429135296448
953,953,230.70147156298802,19.91823308317229,100,100,31430.37777547282,88.26246924661531
954,954,231.0748043922291,17.879846950927448,100,100,31430.40811235094,88.26064714378172
955,955,234.08251116244705,15.966571457676505,100,100,31430.438481016066,88.2588250444674
956,956,236.9068943863285,11.899158170649349,100,100,31430.46888146812,88.257002948676
957,957,220.0509874398597,15.07674911401601,100,100,31430.499313706998,88.25518085641122
958,958,227.67667048937625,18.151972724292484,100,100,31430.529777732598,88.2533587676767
959,959,229.99659442191046,19.565502277149545,100,100,31430.560273544845,88.25153668247614
960,960,223.160085121539,15.143128404768591,100,100,31430.59080114365,88.24971460081322
961,961,229.23359857894508,12.44026708833991,100,100,31430.6213605289,88.24789252269161
962,962,239.37687813127826,13.68214066890111,100,100,31430.65195170052,88.24607044811498
963,963,233.94610531041286,15.180308174848717,100,100,31430.68257465841,88.244248377087
964,964,228.1671834554695,19.485886349644616,100,100,31430.713229402474,88.24242630961136
965,965,221.10522381885403,19.029349772265135,100,100,31430.743915932628,88.24060424569173
966,966,238.45332272912327,14.105877186029714,100,100,31430.774634248766,88.23878218533176
967,967,237.31042967072645,11.025883269395617,100,100,31430.805384350813,88.23696012853517
968,968,227.20587801800664,10.01772915939531,100,100,31430.836166238656,88.2351380753056
969,969,224.82191734430512,15.120216598527422,100,100,31430.86697991221,88.23331602564673
970,970,239.76838078664554,16.956767221896477,100,100,31430.897825371383,88.23149397956226
971,971,236.3961220931139,14.389252859591288,100,100,31430.928702616086,88.22967193705584
972,972,224.8076297099309,11.458750162718673,100,100,31430.959611646213,88.22784989813114
973,973,228.01336587654964,13.27664971325907,100,100,31430.990552461688,88.22602786279185
974,974,230.0648686890091,16.129564287824135,100,100,31431.0215250624,88.22420583104164
975,975,227.36239813488234,16.89017158208356,100,100,31431.052529448258,88.2223838028842
976,976,238.9887822327515,10.056907162889912,100,100,31431.083565619174,88.22056177832316
977,977,229.36625551313526,12.715986837179907,100,100,31431.11463357505,88.21873975736223
978,978,223.82276255267323,12.108168953894177,100,100,31431.145733315796,88.21691774000509
979,979,238.15139947650613,14.465697426757345,100,100,31431.176864841313,88.21509572625538
980,980,220.89219161962077,18.34570315322254,100,100,31431.20802815151,88.21327371611682
981,981,238.62876885054948,16.234628931930267,100,100,31431.239223246288,88.21145170959305
982,982,226.29942261413413,11.820484470036213,100,100,31431.27045012555,88.20962970668775
983,983,237.39543945677633,10.109260791860951,100,100,31431.30170878921,88.2078077074046
984,984,222.2167972725444,17.865973175178,100,100,31431.332999237173,88.20598571174727
985,985,226.00956967810322,17.322032782431013,100,100,31431.364321469337,88.20416371971945
986,986,231.48340248709738,12.970648141267642,100,100,31431.395675485615,88.2023417313248
987,987,227.07576711426975,14.876452658871937,100,100,31431.427061285904,88.20051974656698
988,988,234.19327632829612,16.254616250269983,100,100,31431.45847887011,88.1986977654497
989,989,237.4472916892422,11.838164575988761,100,100,31431.48992823814,88.19687578797658
990,990,229.93587808986362,17.827022750459673,100,100,31431.521409389898,88.19505381415134
991,991,230.41134427322407,11.709064402551023,100,100,31431.552922325296,88.19323184397766
992,992,232.65679462239876,10.623608938046424,100,100,31431.58446704422,88.19140987745917
993,993,224.20189265003825,14.156935787569068,100,100,31431.616043546594,88.18958791459957
994,994,227.78273968260356,18.1879047967338,100,100,31431.647651832307,88.18776595540255
995,995,221.65425694987837,13.395811908641399,100,100,31431.67929190128,88.18594399987175
996,996,236.08534158594955,12.648632036188763,100,100,31431.7109637534,88.18412204801085
997,997,238.51658651075803,11.937344938922527,100,100,31431.742667388575,88.18230009982355
998,998,234.540969421563,13.651159823169236,100,100,31431.774402806717,88.1804781553135
999,999,233.92525926687574,19.12026965587428,100,100,31431.80617000773,88.17865621448438
1000,1000,222.4197841594358,18.18337488530988,100,100,31431.837968991502,88.17683427733986
